-- -------------------------------------------------------------
-- TablePlus 5.3.8(500)
--
-- https://tableplus.com/
--
-- Database: superdice_v1
-- Generation Time: 2023-07-27 20:31:40.0250
-- -------------------------------------------------------------


/*!40101 SET @OLD_CHARACTER_SET_CLIENT=@@CHARACTER_SET_CLIENT */;
/*!40101 SET @OLD_CHARACTER_SET_RESULTS=@@CHARACTER_SET_RESULTS */;
/*!40101 SET @OLD_COLLATION_CONNECTION=@@COLLATION_CONNECTION */;
/*!40101 SET NAMES utf8mb4 */;
/*!40014 SET @OLD_UNIQUE_CHECKS=@@UNIQUE_CHECKS, UNIQUE_CHECKS=0 */;
/*!40014 SET @OLD_FOREIGN_KEY_CHECKS=@@FOREIGN_KEY_CHECKS, FOREIGN_KEY_CHECKS=0 */;
/*!40101 SET @OLD_SQL_MODE=@@SQL_MODE, SQL_MODE='NO_AUTO_VALUE_ON_ZERO' */;
/*!40111 SET @OLD_SQL_NOTES=@@SQL_NOTES, SQL_NOTES=0 */;


CREATE TABLE `tbl_board_bets` (
  `id` int(11) NOT NULL AUTO_INCREMENT,
  `wallet_address` text NOT NULL,
  `side` int(11) NOT NULL,
  `board_id` int(11) NOT NULL,
  `network` varchar(100) NOT NULL,
  `currency` varchar(100) NOT NULL,
  `amount` decimal(10,7) NOT NULL,
  `created_at` timestamp NOT NULL DEFAULT CURRENT_TIMESTAMP,
  `updated_at` timestamp NOT NULL DEFAULT CURRENT_TIMESTAMP ON UPDATE CURRENT_TIMESTAMP,
  PRIMARY KEY (`id`)
) ENGINE=InnoDB AUTO_INCREMENT=53 DEFAULT CHARSET=utf8mb4;

CREATE TABLE `tbl_boards` (
  `id` int(11) NOT NULL AUTO_INCREMENT,
  `drawn` varchar(100) DEFAULT NULL,
  `status` tinyint(4) NOT NULL,
  `created_at` timestamp NOT NULL DEFAULT CURRENT_TIMESTAMP,
  `updated_at` timestamp NOT NULL DEFAULT CURRENT_TIMESTAMP ON UPDATE CURRENT_TIMESTAMP,
  PRIMARY KEY (`id`)
) ENGINE=InnoDB AUTO_INCREMENT=110 DEFAULT CHARSET=utf8mb4;

CREATE TABLE `tbl_transactions` (
  `id` int(11) NOT NULL AUTO_INCREMENT,
  `wallet_address` text NOT NULL,
  `txn_token` text NOT NULL,
  `method` enum('deposit','withdraw','earned','bet') NOT NULL DEFAULT 'deposit',
  `board_id` int(11) NOT NULL,
  `side` int(11) NOT NULL,
  `network` varchar(100) NOT NULL,
  `currency` varchar(100) NOT NULL,
  `last_amount` decimal(6,3) NOT NULL DEFAULT '0.000',
  `new_amount` decimal(6,3) NOT NULL DEFAULT '0.000',
  `status` tinyint(4) NOT NULL,
  `created_at` datetime NOT NULL DEFAULT CURRENT_TIMESTAMP,
  `updated_at` datetime NOT NULL DEFAULT CURRENT_TIMESTAMP ON UPDATE CURRENT_TIMESTAMP,
  PRIMARY KEY (`id`)
) ENGINE=InnoDB AUTO_INCREMENT=88 DEFAULT CHARSET=utf8mb4;

CREATE TABLE `tbl_wallets` (
  `id` int(11) NOT NULL AUTO_INCREMENT,
  `network` varchar(100) NOT NULL,
  `currency` varchar(100) NOT NULL,
  `option_values` text,
  `status` tinyint(4) NOT NULL DEFAULT '1',
  `created_at` timestamp NOT NULL DEFAULT CURRENT_TIMESTAMP ON UPDATE CURRENT_TIMESTAMP,
  `updated_at` datetime NOT NULL DEFAULT CURRENT_TIMESTAMP,
  PRIMARY KEY (`id`)
) ENGINE=InnoDB AUTO_INCREMENT=9 DEFAULT CHARSET=utf8mb4;

INSERT INTO `tbl_board_bets` (`id`, `wallet_address`, `side`, `board_id`, `network`, `currency`, `amount`, `created_at`, `updated_at`) VALUES
(1, 'ihshaan10@gmail.com', 3, 10, 'MONEY', 'INR', 20.0000000, '2022-10-12 15:28:34', '2022-10-12 15:28:34'),
(2, 'ihshaan10@gmail.com', 2, 11, 'MONEY', 'INR', 10.0000000, '2022-10-12 15:29:12', '2022-10-12 15:29:12'),
(3, 'ihshaan10@gmail.com', 1, 12, 'MONEY', 'INR', 50.0000000, '2022-10-12 15:29:47', '2022-10-12 15:29:47'),
(4, 'ihshaan10@gmail.com', 1, 13, 'MONEY', 'INR', 50.0000000, '2022-10-12 15:30:36', '2022-10-12 15:30:36'),
(5, 'ihshaan10@gmail.com', 1, 14, 'MONEY', 'INR', 20.0000000, '2022-10-12 15:42:29', '2022-10-12 15:42:29'),
(6, 'ihshaan10@gmail.com', 6, 15, 'MONEY', 'INR', 10.0000000, '2022-10-12 15:42:58', '2022-10-12 15:42:58'),
(7, 'ihshaan10@gmail.com', 2, 16, 'MONEY', 'INR', 20.0000000, '2022-10-12 15:51:03', '2022-10-12 15:51:03'),
(8, 'ihshaan10@gmail.com', 2, 17, 'MONEY', 'INR', 10.0000000, '2022-10-12 17:11:54', '2022-10-12 17:11:54'),
(9, 'ihshaan10@gmail.com', 2, 19, 'MONEY', 'INR', 10.0000000, '2022-10-15 11:53:08', '2022-10-15 11:53:08'),
(10, 'ihshaan10@gmail.com', 4, 20, 'MONEY', 'INR', 10.0000000, '2022-10-15 11:53:54', '2022-10-15 11:53:54'),
(11, 'ihshaan10@gmail.com', 2, 23, 'MONEY', 'INR', 10.0000000, '2022-10-30 18:44:17', '2022-10-30 18:44:17'),
(12, 'ihshaan10@gmail.com', 1, 24, 'MONEY', 'INR', 10.0000000, '2022-10-30 18:44:55', '2022-10-30 18:44:55'),
(13, 'ihshaan10@gmail.com', 5, 25, 'MONEY', 'INR', 10.0000000, '2022-10-30 18:57:14', '2022-10-30 18:57:14'),
(14, 'ihshaan10@gmail.com', 3, 26, 'MONEY', 'INR', 10.0000000, '2022-10-30 18:57:52', '2022-10-30 18:57:52'),
(15, 'ihshaan10@gmail.com', 3, 33, 'MONEY', 'INR', 10.0000000, '2022-11-09 21:53:26', '2022-11-09 21:53:26'),
(16, 'ihshaan10@gmail.com', 1, 34, 'MONEY', 'INR', 10.0000000, '2022-11-09 21:53:57', '2022-11-09 21:53:57'),
(17, 'ihshaan10@gmail.com', 6, 35, 'MONEY', 'INR', 10.0000000, '2022-11-09 21:54:51', '2022-11-09 21:54:51'),
(18, 'ihshaan10@gmail.com', 2, 36, 'MONEY', 'INR', 10.0000000, '2022-11-09 21:59:35', '2022-11-09 21:59:35'),
(19, 'ihshaan10@gmail.com', 4, 37, 'MONEY', 'INR', 10.0000000, '2022-11-09 22:00:09', '2022-11-09 22:00:09'),
(20, 'ihshaan10@gmail.com', 4, 38, 'MONEY', 'INR', 10.0000000, '2022-11-09 22:02:58', '2022-11-09 22:02:58'),
(21, 'ihshaan10@gmail.com', 6, 39, 'MONEY', 'INR', 10.0000000, '2022-11-09 22:03:27', '2022-11-09 22:03:27'),
(22, 'ihshaan10@gmail.com', 5, 41, 'MONEY', 'INR', 10.0000000, '2022-11-09 23:07:42', '2022-11-09 23:07:42'),
(23, 'ihshaan10@gmail.com', 3, 42, 'MONEY', 'INR', 10.0000000, '2022-11-09 23:08:16', '2022-11-09 23:08:16'),
(24, 'ihshaan10@gmail.com', 1, 43, 'MONEY', 'INR', 10.0000000, '2022-11-09 23:09:01', '2022-11-09 23:09:01'),
(25, 'ihshaan10@gmail.com', 6, 44, 'MONEY', 'INR', 10.0000000, '2022-11-09 23:09:56', '2022-11-09 23:09:56'),
(26, 'ihshaan10@gmail.com', 3, 45, 'MONEY', 'INR', 10.0000000, '2022-11-09 23:10:47', '2022-11-09 23:10:47'),
(27, 'ihshaan10@gmail.com', 3, 46, 'MONEY', 'INR', 10.0000000, '2022-11-11 16:42:50', '2022-11-11 16:42:50'),
(28, 'ihshaan10@gmail.com', 6, 47, 'MONEY', 'INR', 10.0000000, '2022-11-11 16:43:41', '2022-11-11 16:43:41'),
(29, 'ihshaan10@gmail.com', 2, 72, 'MONEY', 'INR', 10.0000000, '2022-12-08 16:18:26', '2022-12-08 16:18:26'),
(30, 'ihshaan10@gmail.com', 6, 72, 'MONEY', 'INR', 20.0000000, '2022-12-08 16:18:31', '2022-12-08 16:18:36'),
(31, 'ihshaan10@gmail.com', 1, 73, 'MONEY', 'INR', 20.0000000, '2022-12-08 16:19:21', '2022-12-08 16:19:21'),
(32, 'ihshaan10@gmail.com', 4, 73, 'MONEY', 'INR', 20.0000000, '2022-12-08 16:19:23', '2022-12-08 16:19:23'),
(33, 'ihshaan10@gmail.com', 2, 74, 'MONEY', 'INR', 10.0000000, '2022-12-08 17:30:59', '2022-12-08 17:30:59'),
(34, 'ihshaan10@gmail.com', 2, 77, 'MONEY', 'USD', 1.0000000, '2022-12-09 14:39:06', '2022-12-09 14:39:06'),
(35, 'ihshaan10@gmail.com', 3, 77, 'MONEY', 'USD', 1.0000000, '2022-12-09 14:39:13', '2022-12-09 14:39:13'),
(36, 'ihshaan10@gmail.com', 2, 78, 'MONEY', 'USD', 5.0000000, '2022-12-09 14:46:05', '2022-12-09 14:46:05'),
(37, 'ihshaan10@gmail.com', 6, 79, 'MONEY', 'USD', 1.0000000, '2022-12-09 14:46:21', '2022-12-09 14:46:21'),
(38, 'ihshaan10@gmail.com', 5, 79, 'MONEY', 'USD', 1.0000000, '2022-12-09 14:46:22', '2022-12-09 14:46:22'),
(39, 'shehzad@ishro.com', 4, 80, 'MONEY', 'USD', 5.0000000, '2022-12-09 14:47:54', '2022-12-09 14:47:54'),
(40, 'shehzad@ishro.com', 5, 81, 'MONEY', 'USD', 5.0000000, '2022-12-09 14:48:18', '2022-12-09 14:48:18'),
(41, 'ihshaan10@gmail.com', 2, 84, 'MONEY', 'USD', 10.0000000, '2022-12-18 18:58:07', '2022-12-18 18:58:07'),
(42, 'ihshaan10@gmail.com', 3, 84, 'MONEY', 'USD', 5.0000000, '2022-12-18 18:58:14', '2022-12-18 18:58:14'),
(43, 'ihshaan10@gmail.com', 5, 85, 'MONEY', 'USD', 20.0000000, '2022-12-18 18:58:35', '2022-12-18 18:58:35'),
(44, 'secbullionjewelry@gmail.com', 2, 90, 'MONEY', 'USD', 1.0000000, '2023-01-09 17:06:54', '2023-01-09 17:06:54'),
(45, 'secbullionjewelry@gmail.com', 4, 91, 'MONEY', 'USD', 2.0000000, '2023-01-09 17:07:15', '2023-01-09 17:07:15'),
(46, 'secbullionjewelry@gmail.com', 1, 92, 'MONEY', 'USD', 5.0000000, '2023-01-09 17:07:31', '2023-01-09 17:07:31'),
(47, 'secbullionjewelry@gmail.com', 6, 93, 'MONEY', 'USD', 5.0000000, '2023-01-09 17:07:45', '2023-01-09 17:07:45'),
(48, 'secbullionjewelry@gmail.com', 4, 94, 'MONEY', 'USD', 5.0000000, '2023-01-09 17:07:59', '2023-01-09 17:07:59'),
(49, 'secbullionjewelry@gmail.com', 3, 95, 'MONEY', 'USD', 5.0000000, '2023-01-09 17:08:14', '2023-01-09 17:08:14'),
(50, 'secbullionjewelry@gmail.com', 6, 96, 'MONEY', 'USD', 5.0000000, '2023-01-09 17:08:33', '2023-01-09 17:08:33'),
(51, 'akmalktk07@gmail.com', 5, 104, 'MONEY', 'USD', 5.0000000, '2023-05-02 20:33:10', '2023-05-02 20:33:10'),
(52, 'akmalktk07@gmail.com', 3, 105, 'MONEY', 'USD', 5.0000000, '2023-05-02 20:33:38', '2023-05-02 20:33:38');

INSERT INTO `tbl_boards` (`id`, `drawn`, `status`, `created_at`, `updated_at`) VALUES
(1, '[3,5,1]', 1, '2022-10-04 11:53:23', '2022-10-04 12:40:03'),
(2, '[2,4,4]', 1, '2022-10-04 12:40:15', '2022-10-04 12:40:51'),
(3, '[2,4,6]', 1, '2022-10-04 12:41:03', '2022-10-06 11:16:39'),
(4, '[5,5,1]', 1, '2022-10-06 11:16:50', '2022-10-07 11:01:38'),
(5, '[4,6,3]', 1, '2022-10-07 11:01:49', '2022-10-10 10:41:08'),
(6, '[6,5,5]', 1, '2022-10-10 10:41:20', '2022-10-10 15:59:16'),
(7, '[1,2,1]', 1, '2022-10-10 15:59:28', '2022-10-10 16:59:06'),
(8, '[5,3,2]', 1, '2022-10-10 16:59:18', '2022-10-12 15:23:36'),
(9, '[1,5,2]', 1, '2022-10-12 15:23:48', '2022-10-12 15:23:58'),
(10, '[4,6,4]', 1, '2022-10-12 15:24:11', '2022-10-12 15:28:48'),
(11, '[3,2,5]', 1, '2022-10-12 15:29:01', '2022-10-12 15:29:24'),
(12, '[1,2,3]', 1, '2022-10-12 15:29:36', '2022-10-12 15:29:57'),
(13, '[5,6,2]', 1, '2022-10-12 15:30:09', '2022-10-12 15:30:46'),
(14, '[3,5,4]', 1, '2022-10-12 15:30:57', '2022-10-12 15:42:35'),
(15, '[6,5,1]', 1, '2022-10-12 15:42:45', '2022-10-12 15:50:40'),
(16, '[1,2,1]', 1, '2022-10-12 15:50:53', '2022-10-12 15:51:20'),
(17, '[3,4,1]', 1, '2022-10-12 15:51:32', '2022-10-12 17:12:44'),
(18, '[1,2,3]', 1, '2022-10-12 17:12:56', '2022-10-14 10:31:56'),
(19, '[6,3,1]', 1, '2022-10-14 10:32:08', '2022-10-15 11:53:15'),
(20, '[5,2,6]', 1, '2022-10-15 11:53:27', '2022-10-18 17:08:07'),
(21, '[3,4,5]', 1, '2022-10-18 17:08:18', '2022-10-30 18:42:07'),
(22, '[3,6,5]', 1, '2022-10-30 18:42:20', '2022-10-30 18:42:35'),
(23, '[5,5,4]', 1, '2022-10-30 18:42:47', '2022-10-30 18:44:29'),
(24, '[6,5,4]', 1, '2022-10-30 18:44:41', '2022-10-30 18:45:06'),
(25, '[1,1,5]', 1, '2022-10-30 18:45:18', '2022-10-30 18:57:27'),
(26, '[4,1,4]', 1, '2022-10-30 18:57:40', '2022-10-30 18:58:04'),
(27, '[2,1,6]', 1, '2022-10-30 18:58:15', '2022-11-05 17:31:35'),
(28, '[4,4,4]', 1, '2022-11-05 17:31:47', '2022-11-06 23:59:35'),
(29, '[6,2,6]', 1, '2022-11-06 23:59:47', '2022-11-07 00:10:11'),
(30, '[4,3,5]', 1, '2022-11-07 00:10:24', '2022-11-07 00:10:33'),
(31, '[4,5,1]', 1, '2022-11-07 00:10:46', '2022-11-09 21:52:26'),
(32, '[5,2,1]', 1, '2022-11-09 21:52:37', '2022-11-09 21:52:45'),
(33, '[3,2,2]', 1, '2022-11-09 21:52:56', '2022-11-09 21:53:35'),
(34, '[5,1,4]', 1, '2022-11-09 21:53:46', '2022-11-09 21:54:15'),
(35, '[6,3,6]', 1, '2022-11-09 21:54:27', '2022-11-09 21:54:58'),
(36, '[6,6,4]', 1, '2022-11-09 21:55:10', '2022-11-09 21:59:51'),
(37, '[2,4,5]', 1, '2022-11-09 22:00:02', '2022-11-09 22:00:49'),
(38, '[1,6,5]', 1, '2022-11-09 22:01:00', '2022-11-09 22:03:08'),
(39, '[1,6,4]', 1, '2022-11-09 22:03:19', '2022-11-09 22:03:44'),
(40, '[4,3,4]', 1, '2022-11-09 22:03:55', '2022-11-09 23:07:15'),
(41, '[3,4,6]', 1, '2022-11-09 23:07:27', '2022-11-09 23:07:53'),
(42, '[6,4,1]', 1, '2022-11-09 23:08:05', '2022-11-09 23:08:27'),
(43, '[2,5,5]', 1, '2022-11-09 23:08:39', '2022-11-09 23:09:12'),
(44, '[6,5,1]', 1, '2022-11-09 23:09:23', '2022-11-09 23:10:07'),
(45, '[6,4,2]', 1, '2022-11-09 23:10:18', '2022-11-09 23:11:01'),
(46, '[5,2,4]', 1, '2022-11-09 23:11:12', '2022-11-11 16:43:04'),
(47, '[4,3,5]', 1, '2022-11-11 16:43:16', '2022-11-11 16:44:14'),
(48, '[2,6,4]', 1, '2022-11-11 16:44:22', '2022-11-24 16:26:17'),
(49, '[1,3,1]', 1, '2022-11-24 16:26:26', '2022-11-24 16:27:00'),
(50, '[1,6,5]', 1, '2022-11-24 16:27:09', '2022-11-27 16:34:42'),
(51, '[2,3,4]', 1, '2022-11-27 16:34:51', '2022-11-27 16:37:22'),
(52, '[4,6,3]', 1, '2022-11-27 16:37:31', '2022-11-27 16:42:00'),
(53, '[5,3,5]', 1, '2022-11-27 16:42:09', '2022-11-27 16:44:52'),
(54, '[4,2,3]', 1, '2022-11-27 16:45:01', '2022-11-27 16:45:10'),
(55, '[4,1,3]', 1, '2022-11-27 16:45:19', '2022-11-27 16:46:08'),
(56, '[1,1,5]', 1, '2022-11-27 16:46:18', '2022-11-27 16:49:05'),
(57, '[2,3,6]', 1, '2022-11-27 16:49:15', '2022-11-27 17:06:01'),
(58, '[5,1,2]', 1, '2022-11-27 17:06:10', '2022-11-27 17:51:39'),
(59, '[6,6,5]', 1, '2022-11-27 17:51:49', '2022-11-27 18:24:47'),
(60, '[1,2,5]', 1, '2022-11-27 18:24:56', '2022-11-28 12:22:51'),
(61, '[2,3,5]', 1, '2022-11-28 12:23:01', '2022-11-29 10:39:35'),
(62, '[3,2,2]', 1, '2022-11-29 10:39:44', '2022-11-29 10:39:52'),
(63, '[6,5,3]', 1, '2022-11-29 10:40:02', '2022-12-05 16:10:18'),
(64, '[6,6,4]', 1, '2022-12-05 16:10:28', '2022-12-05 16:10:30'),
(65, '[2,6,5]', 1, '2022-12-05 16:10:39', '2022-12-05 16:10:46'),
(66, '', 1, '2022-12-05 19:30:41', '2022-12-05 19:30:41'),
(67, '', 1, '2022-12-05 19:30:41', '2022-12-05 19:30:41'),
(68, '[6,2,4]', 1, '2022-12-05 19:30:41', '2022-12-07 18:43:58'),
(69, '[6,2,6]', 1, '2022-12-07 18:44:08', '2022-12-07 18:44:31'),
(70, '[5,4,5]', 1, '2022-12-07 18:44:40', '2022-12-07 18:45:29'),
(71, '[3,6,3]', 1, '2022-12-08 16:13:03', '2022-12-08 16:17:21'),
(72, '[6,5,1]', 1, '2022-12-08 16:17:30', '2022-12-08 16:18:38'),
(73, '[1,5,5]', 1, '2022-12-08 16:18:47', '2022-12-08 16:19:26'),
(74, '[6,1,5]', 1, '2022-12-08 16:19:35', '2022-12-08 17:31:03'),
(75, '[4,2,4]', 1, '2022-12-08 17:31:12', '2022-12-08 17:31:44'),
(76, '[1,1,5]', 1, '2022-12-08 17:31:54', '2022-12-09 14:13:39'),
(77, '[2,3,1]', 1, '2022-12-09 14:13:48', '2022-12-09 14:39:23'),
(78, '[6,5,6]', 1, '2022-12-09 14:39:32', '2022-12-09 14:46:08'),
(79, '[4,4,5]', 1, '2022-12-09 14:46:12', '2022-12-09 14:46:26'),
(80, '[5,2,1]', 1, '2022-12-09 14:46:36', '2022-12-09 14:48:01'),
(81, '[1,4,6]', 1, '2022-12-09 14:48:11', '2022-12-09 14:48:20'),
(82, '[6,1,2]', 1, '2022-12-09 14:48:30', '2022-12-09 23:57:06'),
(83, '[3,6,4]', 1, '2022-12-09 23:57:15', '2022-12-18 18:57:47'),
(84, '[6,1,2]', 1, '2022-12-18 18:57:56', '2022-12-18 18:58:16'),
(85, '[5,3,5]', 1, '2022-12-18 18:58:26', '2022-12-18 18:58:39'),
(86, '[5,1,6]', 1, '2022-12-18 18:58:48', '2022-12-27 16:25:20'),
(87, '[2,4,2]', 1, '2022-12-28 01:03:03', '2022-12-28 15:00:14'),
(88, '[2,5,5]', 1, '2022-12-28 15:37:28', '2022-12-28 17:47:02'),
(89, '[4,4,5]', 1, '2022-12-28 17:47:12', '2023-01-09 17:06:12'),
(90, '[6,5,2]', 1, '2023-01-09 17:06:21', '2023-01-09 17:06:58'),
(91, '[3,4,4]', 1, '2023-01-09 17:07:08', '2023-01-09 17:07:17'),
(92, '[4,2,5]', 1, '2023-01-09 17:07:26', '2023-01-09 17:07:34'),
(93, '[5,5,1]', 1, '2023-01-09 17:07:43', '2023-01-09 17:07:47'),
(94, '[4,1,1]', 1, '2023-01-09 17:07:57', '2023-01-09 17:08:01'),
(95, '[4,5,1]', 1, '2023-01-09 17:08:10', '2023-01-09 17:08:16'),
(96, '[3,2,5]', 1, '2023-01-09 17:08:26', '2023-01-09 17:08:35'),
(97, '[3,6,1]', 1, '2023-01-09 17:08:44', '2023-01-09 17:09:49'),
(98, '[1,5,6]', 1, '2023-01-09 17:09:58', '2023-04-07 00:32:38'),
(99, '[6,4,4]', 1, '2023-04-07 00:32:47', '2023-04-07 00:33:09'),
(100, '[3,6,6]', 1, '2023-04-07 00:33:19', '2023-04-07 12:06:53'),
(101, '[4,3,5]', 1, '2023-04-07 12:07:02', '2023-04-18 12:49:03'),
(102, '[2,2,1]', 1, '2023-04-18 12:49:12', '2023-04-18 12:49:15'),
(103, '[6,1,5]', 1, '2023-04-18 12:49:25', '2023-04-18 20:09:54'),
(104, '[2,1,4]', 1, '2023-04-18 20:10:04', '2023-05-02 20:33:17'),
(105, '[1,6,6]', 1, '2023-05-02 20:33:28', '2023-05-02 20:33:44'),
(106, '[2,4,3]', 1, '2023-05-02 20:33:54', '2023-05-02 20:34:14'),
(107, '[1,4,6]', 1, '2023-05-02 20:34:24', '2023-05-02 20:34:54'),
(108, '[5,4,6]', 1, '2023-05-02 20:35:04', '2023-05-04 15:42:34'),
(109, '', 1, '2023-05-04 15:42:43', '2023-05-04 15:42:43');

INSERT INTO `tbl_transactions` (`id`, `wallet_address`, `txn_token`, `method`, `board_id`, `side`, `network`, `currency`, `last_amount`, `new_amount`, `status`, `created_at`, `updated_at`) VALUES
(1, 'ihshaan10@gmail.com', 'ihshaanfff1iidddi0-13-06-2022', 'deposit', 0, 0, 'MONEY', 'INR', 0.000, 100.000, 0, '2022-10-12 11:28:06', '2022-10-12 11:28:06'),
(2, 'ihshaan10@gmail.com', 'txn_token', 'bet', 10, 3, 'MONEY', 'INR', 100.000, 80.000, 0, '2022-10-12 11:28:34', '2022-10-12 11:28:34'),
(3, 'ihshaan10@gmail.com', 'txn_token', 'bet', 11, 2, 'MONEY', 'INR', 80.000, 70.000, 0, '2022-10-12 11:29:12', '2022-10-12 11:29:12'),
(4, 'ihshaan10@gmail.com', 'txn_token', 'earned', 11, 2, 'MONEY', 'INR', 70.000, 90.000, 0, '2022-10-12 11:29:24', '2022-10-12 11:29:24'),
(5, 'ihshaan10@gmail.com', 'txn_token', 'bet', 12, 1, 'MONEY', 'INR', 90.000, 40.000, 0, '2022-10-12 11:29:47', '2022-10-12 11:29:47'),
(6, 'ihshaan10@gmail.com', 'txn_token', 'earned', 12, 1, 'MONEY', 'INR', 40.000, 100.000, 0, '2022-10-12 11:29:58', '2022-10-12 11:29:58'),
(7, 'ihshaan10@gmail.com', 'txn_token', 'bet', 13, 1, 'MONEY', 'INR', 100.000, 50.000, 0, '2022-10-12 11:30:36', '2022-10-12 11:30:36'),
(8, 'ihshaan10@gmail.com', 'txn_token', 'bet', 14, 1, 'MONEY', 'INR', 50.000, 30.000, 0, '2022-10-12 11:42:29', '2022-10-12 11:42:29'),
(9, 'ihshaan10@gmail.com', 'txn_token', 'bet', 15, 6, 'MONEY', 'INR', 30.000, 20.000, 0, '2022-10-12 11:42:58', '2022-10-12 11:42:58'),
(10, 'ihshaan10@gmail.com', 'txn_token', 'earned', 15, 6, 'MONEY', 'INR', 20.000, 40.000, 0, '2022-10-12 11:50:41', '2022-10-12 11:50:41'),
(11, 'ihshaan10@gmail.com', 'txn_token', 'bet', 16, 2, 'MONEY', 'INR', 40.000, 20.000, 0, '2022-10-12 11:51:02', '2022-10-12 11:51:02'),
(12, 'ihshaan10@gmail.com', 'txn_token', 'earned', 16, 2, 'MONEY', 'INR', 20.000, 60.000, 0, '2022-10-12 11:51:20', '2022-10-12 11:51:20'),
(13, 'ihshaan10@gmail.com', 'txn_token', 'bet', 17, 2, 'MONEY', 'INR', 60.000, 50.000, 0, '2022-10-12 13:11:53', '2022-10-12 13:11:53'),
(14, 'ihshaan10@gmail.com', 'txn_token', 'bet', 19, 2, 'MONEY', 'INR', 50.000, 40.000, 0, '2022-10-15 07:53:08', '2022-10-15 07:53:08'),
(15, 'ihshaan10@gmail.com', 'txn_token', 'bet', 20, 4, 'MONEY', 'INR', 40.000, 30.000, 0, '2022-10-15 07:53:53', '2022-10-15 07:53:53'),
(16, 'akmalktk07@gmail.com', 'ihshaanfff1iidddhi0-13-06-2022', 'deposit', 0, 0, 'MONEY', 'INR', 0.000, 100.000, 0, '2022-10-17 12:02:35', '2022-10-17 12:02:35'),
(17, 'ihshaan10@gmail.com', 'txn_token', 'bet', 23, 2, 'MONEY', 'INR', 30.000, 20.000, 0, '2022-10-30 14:44:16', '2022-10-30 14:44:16'),
(18, 'ihshaan10@gmail.com', 'txn_token', 'bet', 24, 1, 'MONEY', 'INR', 20.000, 10.000, 0, '2022-10-30 14:44:55', '2022-10-30 14:44:55'),
(19, 'ihshaan10@gmail.com', 'txn_token', 'bet', 25, 5, 'MONEY', 'INR', 10.000, 0.000, 0, '2022-10-30 14:57:14', '2022-10-30 14:57:14'),
(20, 'ihshaan10@gmail.com', 'txn_token', 'earned', 25, 5, 'MONEY', 'INR', 0.000, 20.000, 0, '2022-10-30 14:57:27', '2022-10-30 14:57:27'),
(21, 'ihshaan10@gmail.com', 'txn_token', 'bet', 26, 3, 'MONEY', 'INR', 20.000, 10.000, 0, '2022-10-30 14:57:52', '2022-10-30 14:57:52'),
(22, 'ihshaan10@gmail.com', 'txn_token', 'bet', 33, 3, 'MONEY', 'INR', 10.000, 0.000, 0, '2022-11-09 17:53:25', '2022-11-09 17:53:25'),
(23, 'ihshaan10@gmail.com', 'txn_token', 'earned', 33, 3, 'MONEY', 'INR', 0.000, 20.000, 0, '2022-11-09 17:53:35', '2022-11-09 17:53:35'),
(24, 'ihshaan10@gmail.com', 'txn_token', 'bet', 34, 1, 'MONEY', 'INR', 20.000, 10.000, 0, '2022-11-09 17:53:57', '2022-11-09 17:53:57'),
(25, 'ihshaan10@gmail.com', 'txn_token', 'earned', 34, 1, 'MONEY', 'INR', 10.000, 30.000, 0, '2022-11-09 17:54:16', '2022-11-09 17:54:16'),
(26, 'ihshaan10@gmail.com', 'txn_token', 'bet', 35, 6, 'MONEY', 'INR', 30.000, 20.000, 0, '2022-11-09 17:54:50', '2022-11-09 17:54:50'),
(27, 'ihshaan10@gmail.com', 'txn_token', 'earned', 35, 6, 'MONEY', 'INR', 20.000, 50.000, 0, '2022-11-09 17:54:59', '2022-11-09 17:54:59'),
(28, 'ihshaan10@gmail.com', 'txn_token', 'bet', 36, 2, 'MONEY', 'INR', 50.000, 40.000, 0, '2022-11-09 17:59:35', '2022-11-09 17:59:35'),
(29, 'ihshaan10@gmail.com', 'txn_token', 'bet', 37, 4, 'MONEY', 'INR', 40.000, 30.000, 0, '2022-11-09 18:00:09', '2022-11-09 18:00:09'),
(30, 'ihshaan10@gmail.com', 'txn_token', 'earned', 37, 4, 'MONEY', 'INR', 30.000, 50.000, 0, '2022-11-09 18:00:49', '2022-11-09 18:00:49'),
(31, 'ihshaan10@gmail.com', 'txn_token', 'bet', 38, 4, 'MONEY', 'INR', 50.000, 40.000, 0, '2022-11-09 18:02:58', '2022-11-09 18:02:58'),
(32, 'ihshaan10@gmail.com', 'txn_token', 'bet', 39, 6, 'MONEY', 'INR', 40.000, 30.000, 0, '2022-11-09 18:03:27', '2022-11-09 18:03:27'),
(33, 'ihshaan10@gmail.com', 'txn_token', 'earned', 39, 6, 'MONEY', 'INR', 30.000, 50.000, 0, '2022-11-09 18:03:44', '2022-11-09 18:03:44'),
(34, 'ihshaan10@gmail.com', 'txn_token', 'bet', 41, 5, 'MONEY', 'INR', 50.000, 40.000, 0, '2022-11-09 19:07:42', '2022-11-09 19:07:42'),
(35, 'ihshaan10@gmail.com', 'txn_token', 'bet', 42, 3, 'MONEY', 'INR', 40.000, 30.000, 0, '2022-11-09 19:08:16', '2022-11-09 19:08:16'),
(36, 'ihshaan10@gmail.com', 'txn_token', 'bet', 43, 1, 'MONEY', 'INR', 30.000, 20.000, 0, '2022-11-09 19:09:01', '2022-11-09 19:09:01'),
(37, 'ihshaan10@gmail.com', 'txn_token', 'bet', 44, 6, 'MONEY', 'INR', 20.000, 10.000, 0, '2022-11-09 19:09:56', '2022-11-09 19:09:56'),
(38, 'ihshaan10@gmail.com', 'txn_token', 'earned', 44, 6, 'MONEY', 'INR', 10.000, 30.000, 0, '2022-11-09 19:10:07', '2022-11-09 19:10:07'),
(39, 'ihshaan10@gmail.com', 'txn_token', 'bet', 45, 3, 'MONEY', 'INR', 30.000, 20.000, 0, '2022-11-09 19:10:47', '2022-11-09 19:10:47'),
(40, 'ihshaan10@gmail.com', 'txn_token', 'bet', 46, 3, 'MONEY', 'INR', 20.000, 10.000, 0, '2022-11-11 12:42:50', '2022-11-11 12:42:50'),
(41, 'ihshaan10@gmail.com', 'txn_token', 'bet', 47, 6, 'MONEY', 'INR', 10.000, 0.000, 0, '2022-11-11 12:43:41', '2022-11-11 12:43:41'),
(42, 'ihshaan10@gmail.com', 'ihshaanfff1iidddi0-13-06-20sss22', 'deposit', 0, 0, 'MONEY', 'INR', 0.000, 100.000, 0, '2022-12-08 12:18:11', '2022-12-08 12:18:11'),
(43, 'ihshaan10@gmail.com', 'txn_token', 'bet', 72, 2, 'MONEY', 'INR', 100.000, 90.000, 0, '2022-12-08 12:18:26', '2022-12-08 12:18:26'),
(44, 'ihshaan10@gmail.com', 'txn_token', 'bet', 72, 6, 'MONEY', 'INR', 90.000, 80.000, 0, '2022-12-08 12:18:31', '2022-12-08 12:18:31'),
(45, 'ihshaan10@gmail.com', 'txn_token', 'bet', 72, 6, 'MONEY', 'INR', 80.000, 70.000, 0, '2022-12-08 12:18:36', '2022-12-08 12:18:36'),
(46, 'ihshaan10@gmail.com', 'txn_token', 'earned', 72, 6, 'MONEY', 'INR', 70.000, 110.000, 0, '2022-12-08 12:18:38', '2022-12-08 12:18:38'),
(47, 'ihshaan10@gmail.com', 'txn_token', 'bet', 73, 1, 'MONEY', 'INR', 110.000, 90.000, 0, '2022-12-08 12:19:21', '2022-12-08 12:19:21'),
(48, 'ihshaan10@gmail.com', 'txn_token', 'bet', 73, 4, 'MONEY', 'INR', 90.000, 70.000, 0, '2022-12-08 12:19:23', '2022-12-08 12:19:23'),
(49, 'ihshaan10@gmail.com', 'txn_token', 'earned', 73, 1, 'MONEY', 'INR', 70.000, 110.000, 0, '2022-12-08 12:19:26', '2022-12-08 12:19:26'),
(50, 'ihshaan10@gmail.com', 'txn_token', 'bet', 74, 2, 'MONEY', 'INR', 110.000, 100.000, 0, '2022-12-08 13:30:59', '2022-12-08 13:30:59'),
(51, 'ihshaan10@gmail.com', 'ihshaan10@gmail.com', 'deposit', 0, 0, 'MONEY', 'USD', 0.000, 10.000, 0, '2022-12-09 10:35:09', '2022-12-09 10:35:09'),
(52, 'ihshaan10@gmail.com', 'ihshaan10@gmail.com', 'deposit', 0, 0, 'MONEY', 'USD', 10.000, 20.000, 0, '2022-12-09 10:35:23', '2022-12-09 10:35:23'),
(53, 'ihshaan10@gmail.com', 'ihshaan10@gmail.com', 'deposit', 0, 0, 'MONEY', 'USD', 20.000, 30.000, 0, '2022-12-09 10:35:59', '2022-12-09 10:35:59'),
(54, 'ihshaan10@gmail.com', 'ihshaan10@gmail.com', 'deposit', 0, 0, 'MONEY', 'USD', 30.000, 40.000, 0, '2022-12-09 10:36:16', '2022-12-09 10:36:16'),
(55, 'ihshaan10@gmail.com', 'txn_token', 'bet', 77, 2, 'MONEY', 'USD', 40.000, 39.000, 0, '2022-12-09 10:39:06', '2022-12-09 10:39:06'),
(56, 'ihshaan10@gmail.com', 'ihshaan10@gmail.com', 'deposit', 0, 0, 'MONEY', 'USD', 39.000, 49.000, 0, '2022-12-09 10:39:06', '2022-12-09 10:39:06'),
(57, 'ihshaan10@gmail.com', 'txn_token', 'bet', 77, 3, 'MONEY', 'USD', 49.000, 48.000, 0, '2022-12-09 10:39:13', '2022-12-09 10:39:13'),
(58, 'ihshaan10@gmail.com', 'txn_token', 'earned', 77, 2, 'MONEY', 'USD', 48.000, 50.000, 0, '2022-12-09 10:39:23', '2022-12-09 10:39:23'),
(59, 'ihshaan10@gmail.com', 'txn_token', 'earned', 77, 3, 'MONEY', 'USD', 50.000, 52.000, 0, '2022-12-09 10:39:23', '2022-12-09 10:39:23'),
(60, 'ihshaan10@gmail.com', 'txn_token', 'bet', 78, 2, 'MONEY', 'USD', 52.000, 47.000, 0, '2022-12-09 10:46:05', '2022-12-09 10:46:05'),
(61, 'ihshaan10@gmail.com', 'txn_token', 'bet', 79, 6, 'MONEY', 'USD', 47.000, 46.000, 0, '2022-12-09 10:46:21', '2022-12-09 10:46:21'),
(62, 'ihshaan10@gmail.com', 'txn_token', 'bet', 79, 5, 'MONEY', 'USD', 46.000, 45.000, 0, '2022-12-09 10:46:22', '2022-12-09 10:46:22'),
(63, 'ihshaan10@gmail.com', 'txn_token', 'earned', 79, 5, 'MONEY', 'USD', 45.000, 47.000, 0, '2022-12-09 10:46:27', '2022-12-09 10:46:27'),
(64, 'shehzad@ishro.com', 'shehzad@ishro.com', 'deposit', 0, 0, 'MONEY', 'USD', 0.000, 10.000, 0, '2022-12-09 10:47:45', '2022-12-09 10:47:45'),
(65, 'shehzad@ishro.com', 'txn_token', 'bet', 80, 4, 'MONEY', 'USD', 10.000, 5.000, 0, '2022-12-09 10:47:54', '2022-12-09 10:47:54'),
(66, 'shehzad@ishro.com', 'txn_token', 'bet', 81, 5, 'MONEY', 'USD', 5.000, 0.000, 0, '2022-12-09 10:48:18', '2022-12-09 10:48:18'),
(67, 'ihshaan10@gmail.com', 'txn_token', 'bet', 84, 2, 'MONEY', 'USD', 47.000, 37.000, 0, '2022-12-18 14:58:07', '2022-12-18 14:58:07'),
(68, 'ihshaan10@gmail.com', 'txn_token', 'bet', 84, 3, 'MONEY', 'USD', 37.000, 32.000, 0, '2022-12-18 14:58:14', '2022-12-18 14:58:14'),
(69, 'ihshaan10@gmail.com', 'txn_token', 'earned', 84, 2, 'MONEY', 'USD', 32.000, 52.000, 0, '2022-12-18 14:58:16', '2022-12-18 14:58:16'),
(70, 'ihshaan10@gmail.com', 'txn_token', 'bet', 85, 5, 'MONEY', 'USD', 52.000, 32.000, 0, '2022-12-18 14:58:35', '2022-12-18 14:58:35'),
(71, 'ihshaan10@gmail.com', 'txn_token', 'earned', 85, 5, 'MONEY', 'USD', 32.000, 92.000, 0, '2022-12-18 14:58:39', '2022-12-18 14:58:39'),
(72, '0x94ab6e80af9017847882d4d60c2f124935b59e51', '0x94ab6e80af9017847882d4d60c2f124935b59e51', 'deposit', 0, 0, 'MONEY', 'USD', 0.000, 10.000, 0, '2022-12-28 10:55:36', '2022-12-28 10:55:36'),
(73, '0x8f9c9fc379e1d265872232a248f5259dc95b4bcd', '0x8f9c9fc379e1d265872232a248f5259dc95b4bcd', 'deposit', 0, 0, 'MONEY', 'USD', 0.000, 10.000, 0, '2022-12-28 11:53:45', '2022-12-28 11:53:45'),
(74, 'secbullionjewelry@gmail.com', 'secbullionjewelry@gmail.com', 'deposit', 0, 0, 'MONEY', 'USD', 0.000, 10.000, 0, '2023-01-09 13:06:40', '2023-01-09 13:06:40'),
(75, 'secbullionjewelry@gmail.com', 'txn_token', 'bet', 90, 2, 'MONEY', 'USD', 10.000, 9.000, 0, '2023-01-09 13:06:54', '2023-01-09 13:06:54'),
(76, 'secbullionjewelry@gmail.com', 'txn_token', 'earned', 90, 2, 'MONEY', 'USD', 9.000, 11.000, 0, '2023-01-09 13:06:58', '2023-01-09 13:06:58'),
(77, 'secbullionjewelry@gmail.com', 'txn_token', 'bet', 91, 4, 'MONEY', 'USD', 11.000, 9.000, 0, '2023-01-09 13:07:15', '2023-01-09 13:07:15'),
(78, 'secbullionjewelry@gmail.com', 'txn_token', 'earned', 91, 4, 'MONEY', 'USD', 9.000, 15.000, 0, '2023-01-09 13:07:17', '2023-01-09 13:07:17'),
(79, 'secbullionjewelry@gmail.com', 'txn_token', 'bet', 92, 1, 'MONEY', 'USD', 15.000, 10.000, 0, '2023-01-09 13:07:31', '2023-01-09 13:07:31'),
(80, 'secbullionjewelry@gmail.com', 'txn_token', 'bet', 93, 6, 'MONEY', 'USD', 10.000, 5.000, 0, '2023-01-09 13:07:45', '2023-01-09 13:07:45'),
(81, 'secbullionjewelry@gmail.com', 'txn_token', 'bet', 94, 4, 'MONEY', 'USD', 5.000, 0.000, 0, '2023-01-09 13:07:59', '2023-01-09 13:07:59'),
(82, 'secbullionjewelry@gmail.com', 'txn_token', 'earned', 94, 4, 'MONEY', 'USD', 0.000, 10.000, 0, '2023-01-09 13:08:01', '2023-01-09 13:08:01'),
(83, 'secbullionjewelry@gmail.com', 'txn_token', 'bet', 95, 3, 'MONEY', 'USD', 10.000, 5.000, 0, '2023-01-09 13:08:14', '2023-01-09 13:08:14'),
(84, 'secbullionjewelry@gmail.com', 'txn_token', 'bet', 96, 6, 'MONEY', 'USD', 5.000, 0.000, 0, '2023-01-09 13:08:33', '2023-01-09 13:08:33'),
(85, 'akmalktk07@gmail.com', 'akmalktk07@gmail.com', 'deposit', 0, 0, 'MONEY', 'USD', 0.000, 10.000, 0, '2023-05-02 16:32:49', '2023-05-02 16:32:49'),
(86, 'akmalktk07@gmail.com', 'txn_token', 'bet', 104, 5, 'MONEY', 'USD', 10.000, 5.000, 0, '2023-05-02 16:33:10', '2023-05-02 16:33:10'),
(87, 'akmalktk07@gmail.com', 'txn_token', 'bet', 105, 3, 'MONEY', 'USD', 5.000, 0.000, 0, '2023-05-02 16:33:38', '2023-05-02 16:33:38');

INSERT INTO `tbl_wallets` (`id`, `network`, `currency`, `option_values`, `status`, `created_at`, `updated_at`) VALUES
(1, 'ETHEREUM', 'ETH', '[\"0.01\",\"0.05\",\"0.1\",\"0.5\",\"1\",\"2\",\"3\",\"5\",\"10\",\"25\",\"50\",\"100\"]', 1, '2022-05-30 10:17:33', '2022-05-30 10:15:22'),
(2, 'ETHEREUM', 'USDC', '[\"1\",\"5\",\"10\",\"25\",\"50\",\"100\",\"250\",\"500\",\"1000\",\"2500\",\"5000\",\"10000\"]', 1, '2022-05-30 10:19:42', '2022-05-30 10:15:22'),
(3, 'ETHEREUM', 'USDT', '[\"1\",\"5\",\"10\",\"25\",\"50\",\"100\",\"250\",\"500\",\"1000\",\"2500\",\"5000\",\"10000\"]', 1, '2022-05-30 10:19:49', '2022-05-30 10:15:22'),
(4, 'BINANCE', 'BNB', '[\"0.01\",\"0.05\",\"0.1\",\"0.5\",\"1\",\"2\",\"3\",\"5\",\"10\",\"25\",\"50\",\"100\"]', 1, '2022-05-30 10:20:55', '2022-05-30 10:15:22'),
(5, 'BINANCE', 'USDC', '[\"1\",\"5\",\"10\",\"25\",\"50\",\"100\",\"250\",\"500\",\"1000\",\"2500\",\"5000\",\"10000\"]', 1, '2022-05-30 10:19:42', '2022-05-30 10:15:22'),
(6, 'BINANCE', 'USDT', '[\"1\",\"5\",\"10\",\"25\",\"50\",\"100\",\"250\",\"500\",\"1000\",\"2500\",\"5000\",\"10000\"]', 1, '2022-05-30 10:19:49', '2022-05-30 10:15:22'),
(7, 'MONEY', 'INR', '[\"10\",\"20\",\"50\",\"100\",\"200\",\"500\",\"1000\",\"2000\"]', 2, '2022-12-09 14:35:55', '2022-05-30 06:19:49'),
(8, 'MONEY', 'USD', '[\"1\",\"2\",\"5\",\"10\",\"20\",\"50\",\"100\",\"200\",\"500\",\"1000\"]', 1, '2022-12-09 14:23:33', '2022-05-30 06:19:49');



/*!40101 SET SQL_MODE=@OLD_SQL_MODE */;
/*!40014 SET FOREIGN_KEY_CHECKS=@OLD_FOREIGN_KEY_CHECKS */;
/*!40014 SET UNIQUE_CHECKS=@OLD_UNIQUE_CHECKS */;
/*!40101 SET CHARACTER_SET_CLIENT=@OLD_CHARACTER_SET_CLIENT */;
/*!40101 SET CHARACTER_SET_RESULTS=@OLD_CHARACTER_SET_RESULTS */;
/*!40101 SET COLLATION_CONNECTION=@OLD_COLLATION_CONNECTION */;
/*!40111 SET SQL_NOTES=@OLD_SQL_NOTES */;